{"schemaVersion":"1.0","appDefinitionTemplate":{"id":"/providers/Microsoft.PowerApps/apps/","type":"Microsoft.PowerApps/apps","tags":{"primaryDeviceWidth":"1366","primaryDeviceHeight":"768","sienaVersion":"20200515T103143Z-3.20051.16.0","deviceCapabilities":"","supportsPortrait":"false","supportsLandscape":"true","primaryFormFactor":"Tablet","publisherVersion":"3.20051.16","minimumRequiredApiVersion":"2.2.0","hasComponent":"false","hasUnlockedComponent":"false","isUnifiedRootApp":"false"},"properties":{"appVersion":"2020-05-15T10:31:43Z","lifeCycleId":"Published","createdByClientVersion":{"major":3,"minor":20051,"build":16,"revision":0,"majorRevision":0,"minorRevision":0},"minClientVersion":{"major":3,"minor":20051,"build":16,"revision":0,"majorRevision":0,"minorRevision":0},"backgroundColor":"rgba(0, 176, 240, 1)","backgroundImageUri":"/7154365160239410668/Nca8404dc-9a01-49c7-94e8-250d9afdb783-logoSmallFile","displayName":"SVG Helper for Power Apps","description":"","commitMessage":"","appUris":{"documentUri":{"value":"/7154365160239410668/N015e94a6-d69a-4d01-9df7-975a7b9422a0-document.msapp"},"imageUris":[]},"createdTime":"0001-01-01T00:00:00Z","lastModifiedTime":"0001-01-01T00:00:00Z","sharedGroupsCount":0,"sharedUsersCount":0,"icons":{"smallIconUri":"/7154365160239410668/N87532dfb-f043-4904-95eb-b49cda9469e4-small.png","mediumIconUri":"/7154365160239410668/N1397460c-952b-46dc-adfc-388d901e5822-medium.png","largeIconUri":"/7154365160239410668/N2ec7969c-4a29-4f66-a1bc-7977a415bdcc-large.png","wideIconUri":"/7154365160239410668/N4273599d-5f8a-40b2-b67c-99805fa8344e-wide.png"},"connectionReferences":{},"databaseReferences":{},"almMode":"Environment","performanceOptimizationEnabled":false,"canConsumeAppPass":true,"executionRestrictions":{"isTeamsOnly":false,"dataLossPreventionEvaluationResult":{"status":"Compliant","lastEvaluationDate":"2020-10-31T04:08:09.8786664Z","violationDetails":[]}}},"isAppComponentLibrary":false,"appType":"ClassicCanvasApp","appComponents":[]}}